[
	{
		"name": "🐩 Заблокировать название беседы", 
		"buy": 50000,
		"desc": "Заблокировать название бесед до перезапуска бота",
		"uid": 0
	},
	{
		"name": "Разлочивает название беседы", 
		"buy": 6000,
		"desc": "Разлочить блокировку беседы",
		"uid": 1
	},
	{
		"name": "Ник", 
		"buy": 5000,
		"desc": "Купить себе ник",
		"uid": 2
	},
	{
		"name": "Майнер", 
		"buy": 3500,
		"desc": "Зарабатывает за вас ботсы! | 1 - x2 дает",
		"uid": 3
	},
	{
		"name": "Видеокарта", 
		"buy": 7000,
		"desc": "Зарабатывает за вас ботсы! | 1 - x5 дает",
		"uid": 4
	}
]