[
	{
		"chat_id": 2,
		"title": "«Rocket Bots»",
		"photo": "",
		"uid": 0
	},
	{
		"chat_id": 3,
		"title": "",
		"photo": "",
		"uid": 1
	},
	{
		"chat_id": 4,
		"title": "",
		"photo": "",
		"uid": 2
	},
	{
		"chat_id": 5,
		"title": "",
		"photo": "",
		"uid": 3
	},
	{
		"chat_id": 6,
		"title": "Максим Ботиков ТОП",
		"photo": "",
		"uid": 4
	},
	{
		"chat_id": 7,
		"title": "",
		"photo": "",
		"uid": 5
	},
	{
		"chat_id": 8,
		"title": "",
		"photo": "",
		"uid": 6
	},
	{
		"chat_id": 9,
		"title": "",
		"photo": "",
		"uid": 7
	},
	{
		"chat_id": 10,
		"title": "❌любера❌",
		"photo": "",
		"uid": 8
	},
	{
		"chat_id": 11,
		"title": "Maksim Bot",
		"photo": "",
		"uid": 9
	},
	{
		"chat_id": 12,
		"title": "",
		"photo": "",
		"uid": 10
	},
	{
		"chat_id": 13,
		"title": "",
		"photo": "",
		"uid": 11
	},
	{
		"chat_id": 14,
		"title": "😻Самса тут главная😻",
		"photo": "",
		"uid": 12
	},
	{
		"chat_id": 15,
		"title": "",
		"photo": "",
		"uid": 13
	},
	{
		"chat_id": 16,
		"title": "",
		"photo": "",
		"uid": 14
	},
	{
		"chat_id": 17,
		"title": "",
		"photo": "",
		"uid": 15
	},
	{
		"chat_id": 18,
		"title": "",
		"photo": "",
		"uid": 16
	},
	{
		"chat_id": 19,
		"title": "",
		"photo": "",
		"uid": 17
	},
	{
		"chat_id": 20,
		"title": "",
		"photo": "",
		"uid": 18
	},
	{
		"chat_id": 21,
		"title": "",
		"photo": "",
		"uid": 19
	},
	{
		"chat_id": 22,
		"title": "Дантисты БК",
		"photo": "",
		"uid": 20
	},
	{
		"chat_id": 23,
		"title": "",
		"photo": "",
		"uid": 21
	},
	{
		"chat_id": 24,
		"title": "",
		"photo": "",
		"uid": 22
	},
	{
		"chat_id": 25,
		"title": "",
		"photo": "",
		"uid": 23
	},
	{
		"chat_id": 26,
		"title": "9 В (д.з.)",
		"photo": "",
		"uid": 24
	},
	{
		"chat_id": 27,
		"title": "",
		"photo": "",
		"uid": 25
	},
	{
		"chat_id": 28,
		"title": "",
		"photo": "",
		"uid": 26
	},
	{
		"chat_id": 29,
		"title": "",
		"photo": "",
		"uid": 27
	},
	{
		"chat_id": 30,
		"title": "",
		"photo": "",
		"uid": 28
	},
	{
		"chat_id": 31,
		"title": "",
		"photo": "",
		"uid": 29
	},
	{
		"chat_id": 32,
		"title": "",
		"photo": "",
		"uid": 30
	},
	{
		"chat_id": 33,
		"title": "Сосите хуй у Александра Королёва )))",
		"photo": "",
		"uid": 31
	},
	{
		"chat_id": 34,
		"title": "",
		"photo": "",
		"uid": 32
	},
	{
		"chat_id": 35,
		"title": "⚔️ГРУППА ЭКСТРЕННОГО НАКРЫВАА⚔️",
		"photo": "",
		"uid": 33
	},
	{
		"chat_id": 36,
		"title": "",
		"photo": "",
		"uid": 34
	},
	{
		"chat_id": 37,
		"title": "",
		"photo": "",
		"uid": 35
	},
	{
		"chat_id": 38,
		"title": "",
		"photo": "",
		"uid": 36
	},
	{
		"chat_id": 39,
		"title": "",
		"photo": "",
		"uid": 37
	},
	{
		"chat_id": 40,
		"title": "",
		"photo": "",
		"uid": 38
	},
	{
		"chat_id": 41,
		"title": "",
		"photo": "",
		"uid": 39
	},
	{
		"chat_id": 42,
		"title": "",
		"photo": "",
		"uid": 40
	},
	{
		"chat_id": 43,
		"title": "21 КС",
		"photo": "",
		"uid": 41
	},
	{
		"chat_id": 44,
		"title": "",
		"photo": "",
		"uid": 42
	},
	{
		"chat_id": 45,
		"title": "",
		"photo": "",
		"uid": 43
	},
	{
		"chat_id": 46,
		"title": "",
		"photo": "",
		"uid": 44
	},
	{
		"chat_id": 47,
		"title": "",
		"photo": "",
		"uid": 45
	},
	{
		"chat_id": 48,
		"title": "",
		"photo": "",
		"uid": 46
	},
	{
		"chat_id": 49,
		"title": "",
		"photo": "",
		"uid": 47
	},
	{
		"chat_id": 50,
		"title": "",
		"photo": "",
		"uid": 48
	},
	{
		"chat_id": 51,
		"title": "Сбор на станции томилино от 13:00 до 14:00 брать все необходимое на накрыв жду всех без кидалово..",
		"photo": "",
		"uid": 49
	},
	{
		"chat_id": 52,
		"title": "",
		"photo": "",
		"uid": 50
	},
	{
		"chat_id": 53,
		"title": "",
		"photo": "",
		"uid": 51
	},
	{
		"chat_id": 54,
		"title": "",
		"photo": "",
		"uid": 52
	},
	{
		"chat_id": 55,
		"title": "",
		"photo": "",
		"uid": 53
	},
	{
		"chat_id": 56,
		"title": "",
		"photo": "",
		"uid": 54
	},
	{
		"chat_id": 57,
		"title": "",
		"photo": "",
		"uid": 55
	},
	{
		"chat_id": 58,
		"title": "",
		"photo": "",
		"uid": 56
	},
	{
		"chat_id": 59,
		"title": "",
		"photo": "",
		"uid": 57
	},
	{
		"chat_id": 60,
		"title": "",
		"photo": "",
		"uid": 58
	},
	{
		"chat_id": 61,
		"title": "",
		"photo": "",
		"uid": 59
	},
	{
		"chat_id": 62,
		"title": "",
		"photo": "",
		"uid": 60
	},
	{
		"chat_id": 63,
		"title": "",
		"photo": "",
		"uid": 61
	},
	{
		"chat_id": 64,
		"title": "",
		"photo": "",
		"uid": 62
	},
	{
		"chat_id": 65,
		"title": "",
		"photo": "",
		"uid": 63
	},
	{
		"chat_id": 66,
		"title": "",
		"photo": "",
		"uid": 64
	},
	{
		"chat_id": 76,
		"title": "",
		"photo": "",
		"uid": 65
	}
]