[
	{
		"id": 284682278,
		"balance": 500,
		"nickname": "Андрей",
		"rights": 0,
		"uid": 0,
		"spots": 0
	},
	{
		"id": 406749868,
		"balance": 35000,
		"nickname": "|—🔥GO TRAH HYLE🔥—|",
		"rights": 7,
		"uid": 1,
		"spots": null
	},
	{
		"id": 236898082,
		"balance": 2017,
		"nickname": "Лариса",
		"rights": 0,
		"uid": 2
	},
	{
		"id": 403556579,
		"balance": 2017,
		"nickname": "Александр",
		"rights": 0,
		"uid": 3
	},
	{
		"id": 326215070,
		"balance": 500,
		"nickname": "🌚 Луна и Солнышко 🌝",
		"rights": 5,
		"uid": 4
	},
	{
		"id": 180400525,
		"balance": 2018,
		"nickname": "Анатолий",
		"rights": 0,
		"uid": 5
	},
	{
		"id": 183533453,
		"balance": 4209,
		"nickname": "🌞",
		"rights": 3,
		"uid": 6,
		"spots": -1346141
	},
	{
		"id": 273806306,
		"balance": 2018,
		"nickname": "Эля",
		"rights": 0,
		"uid": 7
	},
	{
		"id": 284095371,
		"balance": 0,
		"nickname": "Тимофей",
		"rights": 0,
		"uid": 8
	},
	{
		"id": 442449834,
		"balance": 2018,
		"nickname": "Сергей",
		"rights": 0,
		"uid": 9
	},
	{
		"id": 437161019,
		"balance": 2018,
		"nickname": "Kris",
		"rights": 0,
		"uid": 10
	},
	{
		"id": 441082265,
		"balance": 2018,
		"nickname": "Maya",
		"rights": 0,
		"uid": 11
	},
	{
		"id": 420376710,
		"balance": 2018,
		"nickname": "Alice",
		"rights": 0,
		"uid": 12
	},
	{
		"id": 423341950,
		"balance": 2018,
		"nickname": "Kate",
		"rights": 0,
		"uid": 13
	},
	{
		"id": 464498424,
		"balance": 2018,
		"nickname": "Жорик",
		"rights": 0,
		"uid": 14
	},
	{
		"id": 375789362,
		"balance": 50000,
		"nickname": "Дэн",
		"rights": 3,
		"uid": 15
	},
	{
		"id": 210125691,
		"balance": 1000000000000500,
		"nickname": "🌍🔥ALMIGHTY🔥🌍",
		"rights": 5,
		"uid": 16
	},
	{
		"id": 464833684,
		"balance": 2018,
		"nickname": "Павел",
		"rights": 0,
		"uid": 17
	},
	{
		"id": 214594691,
		"balance": 0,
		"nickname": "Андрей",
		"rights": 1,
		"uid": 18
	},
	{
		"id": 454765284,
		"balance": 2018,
		"nickname": "Денис",
		"rights": 0,
		"uid": 19
	},
	{
		"id": 465653624,
		"balance": 2018,
		"nickname": "Артём",
		"rights": 0,
		"uid": 20
	},
	{
		"id": 321664404,
		"balance": 2018,
		"nickname": "Дмитрий",
		"rights": 0,
		"uid": 21
	},
	{
		"id": 140752853,
		"balance": 2018,
		"nickname": "Булат",
		"rights": 0,
		"uid": 22
	},
	{
		"id": 214148823,
		"balance": 2018,
		"nickname": "Влад",
		"rights": 0,
		"uid": 23
	},
	{
		"id": 437188501,
		"balance": 2018,
		"nickname": "Viktoria",
		"rights": 0,
		"uid": 24
	},
	{
		"id": 336548628,
		"balance": 2018,
		"nickname": "Oskar",
		"rights": 0,
		"uid": 25
	},
	{
		"id": 197765843,
		"balance": 500000,
		"nickname": "🍀",
		"rights": 3,
		"uid": 26
	},
	{
		"id": 707518,
		"balance": 2018,
		"nickname": "Александр",
		"rights": 0,
		"uid": 27
	},
	{
		"id": 177167574,
		"balance": 500,
		"nickname": "Noreez👑",
		"rights": 5,
		"uid": 28
	},
	{
		"id": 381726328,
		"balance": 0,
		"nickname": "🌚LoveFoxy🖤",
		"rights": 5,
		"uid": 29
	},
	{
		"id": 388557912,
		"balance": 2018,
		"nickname": "Алексей",
		"rights": 0,
		"uid": 30
	},
	{
		"id": 136286839,
		"balance": 2018,
		"nickname": "Свинка",
		"rights": 0,
		"uid": 31
	},
	{
		"id": 373635357,
		"balance": 2018,
		"nickname": "Никита",
		"rights": 0,
		"uid": 32
	},
	{
		"id": 444094116,
		"balance": 0,
		"nickname": "Семён",
		"rights": 0,
		"uid": 33
	},
	{
		"id": 235048504,
		"balance": 0,
		"nickname": "Вадим",
		"rights": 1,
		"uid": 34
	},
	{
		"id": 298241036,
		"balance": 0,
		"nickname": "Сергей",
		"rights": 0,
		"uid": 35
	},
	{
		"id": 450647698,
		"balance": 2018,
		"nickname": "Егор",
		"rights": 0,
		"uid": 36
	},
	{
		"id": -152029297,
		"balance": 2018,
		"nickname": "Пользователь",
		"rights": 0,
		"uid": 37
	},
	{
		"id": 288320203,
		"balance": 2018,
		"nickname": "Никита",
		"rights": 0,
		"uid": 38
	},
	{
		"id": 250160868,
		"balance": 0,
		"nickname": "Александр",
		"rights": 0,
		"uid": 39
	},
	{
		"id": 229696400,
		"balance": 2018,
		"nickname": "Артур",
		"rights": 0,
		"uid": 40
	},
	{
		"id": 432741917,
		"balance": 0,
		"nickname": "Данила",
		"rights": 0,
		"uid": 41
	},
	{
		"id": 272228315,
		"balance": 2018,
		"nickname": "Влад",
		"rights": 0,
		"uid": 42
	},
	{
		"id": 426630848,
		"balance": 2018,
		"nickname": "Артём",
		"rights": 0,
		"uid": 43
	},
	{
		"id": 304376093,
		"balance": 2018,
		"nickname": "Саша",
		"rights": 0,
		"uid": 44
	},
	{
		"id": 236831487,
		"balance": 2018,
		"nickname": "Август",
		"rights": 0,
		"uid": 45
	},
	{
		"id": 465031340,
		"balance": 2018,
		"nickname": "Foxy",
		"rights": 0,
		"uid": 46
	},
	{
		"id": 159131056,
		"balance": 2018,
		"nickname": "Егор",
		"rights": 0,
		"uid": 47
	},
	{
		"id": 466385065,
		"balance": 2018,
		"nickname": "Elya",
		"rights": 0,
		"uid": 48
	},
	{
		"id": 121696939,
		"balance": 4018,
		"nickname": "Виталий",
		"rights": 0,
		"uid": 49
	},
	{
		"id": 435378035,
		"balance": 2018,
		"nickname": "Николай",
		"rights": 0,
		"uid": 50
	},
	{
		"id": 243266080,
		"balance": 2018,
		"nickname": "Дима",
		"rights": 0,
		"uid": 51
	},
	{
		"id": 205360549,
		"balance": 18,
		"nickname": "Руслан",
		"rights": 0,
		"uid": 52
	},
	{
		"id": 411961944,
		"balance": 2018,
		"nickname": "Леонид",
		"rights": 0,
		"uid": 53
	},
	{
		"id": 435609266,
		"balance": 1022001002249998,
		"nickname": "✅Царёв✅",
		"rights": 5,
		"uid": 54
	},
	{
		"id": 455194668,
		"balance": 2006,
		"nickname": "Сидни",
		"rights": 0,
		"uid": 55
	},
	{
		"id": 458260334,
		"balance": 2018,
		"nickname": "Кирилл",
		"rights": 0,
		"uid": 56
	},
	{
		"id": 340996276,
		"balance": 500,
		"nickname": "OMYGOD",
		"rights": 0,
		"uid": 57
	},
	{
		"id": 274582209,
		"balance": 2018,
		"nickname": "Арстан",
		"rights": 0,
		"uid": 58
	},
	{
		"id": 293977783,
		"balance": 2018,
		"nickname": "Владислав",
		"rights": 0,
		"uid": 59
	},
	{
		"id": 304908560,
		"balance": 2018,
		"nickname": "Даниил",
		"rights": 0,
		"uid": 60
	},
	{
		"id": 391806707,
		"balance": 0,
		"nickname": "Макс",
		"rights": 0,
		"uid": 61
	},
	{
		"id": 175844051,
		"balance": 2018,
		"nickname": "Коля",
		"rights": 0,
		"uid": 62
	},
	{
		"id": 140428317,
		"balance": 2018,
		"nickname": "Джамиль",
		"rights": 0,
		"uid": 63
	},
	{
		"id": 448234749,
		"balance": 2018,
		"nickname": "Ярослав",
		"rights": 0,
		"uid": 64
	},
	{
		"id": 293898086,
		"balance": 2018,
		"nickname": "Артем",
		"rights": 0,
		"uid": 65
	},
	{
		"id": 425756189,
		"balance": 2018,
		"nickname": "Влад",
		"rights": 0,
		"uid": 66
	},
	{
		"id": 463493786,
		"balance": 2018,
		"nickname": "Дима",
		"rights": 0,
		"uid": 67
	},
	{
		"id": 392380219,
		"balance": 2018,
		"nickname": "Амина",
		"rights": 0,
		"uid": 68
	},
	{
		"id": 306237364,
		"balance": 2018,
		"nickname": "Дастан",
		"rights": 0,
		"uid": 69
	},
	{
		"id": 194986622,
		"balance": 2018,
		"nickname": "Александр",
		"rights": 0,
		"uid": 70
	},
	{
		"id": 88899102,
		"balance": 2018,
		"nickname": "Кирилл",
		"rights": 0,
		"uid": 71
	},
	{
		"id": 197933618,
		"balance": 2018,
		"nickname": "Андрей",
		"rights": 0,
		"uid": 72
	},
	{
		"id": 179980594,
		"balance": 2018,
		"nickname": "Кирилл",
		"rights": 0,
		"uid": 73
	},
	{
		"id": 257750872,
		"balance": 2018,
		"nickname": "Алексей",
		"rights": 0,
		"uid": 74
	},
	{
		"id": 381170564,
		"balance": 2018,
		"nickname": "Игорь",
		"rights": 0,
		"uid": 75
	},
	{
		"id": 339659972,
		"balance": 2018,
		"nickname": "Максим",
		"rights": 0,
		"uid": 76
	},
	{
		"id": 232009484,
		"balance": 2018,
		"nickname": "Эля",
		"rights": 0,
		"uid": 77
	},
	{
		"id": 261287316,
		"balance": 2018,
		"nickname": "Игорь",
		"rights": 0,
		"uid": 78
	},
	{
		"id": 405959308,
		"balance": 2018,
		"nickname": "Денис",
		"rights": 0,
		"uid": 79
	},
	{
		"id": 416599485,
		"balance": 0,
		"nickname": "🇷🇺RUSSIA🇷🇺",
		"rights": 2,
		"uid": 80
	},
	{
		"id": 96009336,
		"balance": 2018,
		"nickname": "Бодя",
		"rights": 0,
		"uid": 81
	},
	{
		"id": 428508691,
		"balance": 2018,
		"nickname": "Alvaro",
		"rights": 0,
		"uid": 82
	},
	{
		"id": 266445753,
		"balance": 2018,
		"nickname": "Илья",
		"rights": 0,
		"uid": 83
	},
	{
		"id": 440234379,
		"balance": 2018,
		"nickname": "Егор",
		"rights": 0,
		"uid": 84
	},
	{
		"id": 432068823,
		"balance": 2018,
		"nickname": "Никита",
		"rights": 0,
		"uid": 85
	},
	{
		"id": 264551768,
		"balance": 2018,
		"nickname": "Ирбис",
		"rights": 0,
		"uid": 86
	},
	{
		"id": 379230771,
		"balance": 2018,
		"nickname": "Пикачу",
		"rights": 0,
		"uid": 87
	},
	{
		"id": 459867265,
		"balance": 2018,
		"nickname": "Андрей",
		"rights": 0,
		"uid": 88
	},
	{
		"id": 116717948,
		"balance": 2018,
		"nickname": "Анатолий",
		"rights": 0,
		"uid": 89
	},
	{
		"id": 255520265,
		"balance": 2018,
		"nickname": "Анастасия",
		"rights": 0,
		"uid": 90
	},
	{
		"id": 440925104,
		"balance": 2018,
		"nickname": "Владислав",
		"rights": 0,
		"uid": 91
	},
	{
		"id": 458123671,
		"balance": 18,
		"nickname": "Денис",
		"rights": 0,
		"uid": 92
	},
	{
		"id": 392039883,
		"balance": 2018,
		"nickname": "Кира",
		"rights": 0,
		"uid": 93
	},
	{
		"id": 455897922,
		"balance": 2018,
		"nickname": "Кирилл",
		"rights": 0,
		"uid": 94
	},
	{
		"id": 385420419,
		"balance": 2018,
		"nickname": "Гоша",
		"rights": 0,
		"uid": 95
	},
	{
		"id": 367009377,
		"balance": 2018,
		"nickname": "Godgamer",
		"rights": 0,
		"uid": 96
	},
	{
		"id": 442846337,
		"balance": 2018,
		"nickname": "Андрей",
		"rights": 0,
		"uid": 97
	},
	{
		"id": 283116855,
		"balance": 2018,
		"nickname": "Юра",
		"rights": 0,
		"uid": 98
	},
	{
		"id": 297333795,
		"balance": 2018,
		"nickname": "Рустам",
		"rights": 0,
		"uid": 99
	},
	{
		"id": 232885308,
		"balance": 2018,
		"nickname": "Дима",
		"rights": 0,
		"uid": 100
	},
	{
		"id": 153110476,
		"balance": 2018,
		"nickname": "Вероника",
		"rights": 0,
		"uid": 101
	},
	{
		"id": 415356165,
		"balance": 2018,
		"nickname": "Павел",
		"rights": 0,
		"uid": 102
	},
	{
		"id": 327549336,
		"balance": 2018,
		"nickname": "Алексей",
		"rights": 0,
		"uid": 103
	},
	{
		"id": 217925026,
		"balance": 2018,
		"nickname": "Кирилл",
		"rights": 0,
		"uid": 104
	},
	{
		"id": 340375391,
		"balance": 2018,
		"nickname": "Ангел",
		"rights": 0,
		"uid": 105
	},
	{
		"id": 450440016,
		"balance": 2018,
		"nickname": "Кира",
		"rights": 0,
		"uid": 106
	},
	{
		"id": 296663413,
		"balance": 2018,
		"nickname": "Владислав",
		"rights": 0,
		"uid": 107
	},
	{
		"id": 379054980,
		"balance": 2018,
		"nickname": "Tatoo",
		"rights": 0,
		"uid": 108
	},
	{
		"id": 409839966,
		"balance": 2018,
		"nickname": "Алекс",
		"rights": 0,
		"uid": 109
	},
	{
		"id": 17599929,
		"balance": 2018,
		"nickname": "Екатерина",
		"rights": 0,
		"uid": 110
	},
	{
		"id": 320198214,
		"balance": 2018,
		"nickname": "Алина",
		"rights": 0,
		"uid": 111
	},
	{
		"id": 405598767,
		"balance": 2018,
		"nickname": "Bonni",
		"rights": 0,
		"uid": 112
	},
	{
		"id": 364740609,
		"balance": 2018,
		"nickname": "Дмитрий",
		"rights": 0,
		"uid": 113
	},
	{
		"id": 293561507,
		"balance": 2018,
		"nickname": "Анри",
		"rights": 0,
		"uid": 114
	},
	{
		"id": 287927253,
		"balance": 2018,
		"nickname": "Аяна",
		"rights": 0,
		"uid": 115
	},
	{
		"id": 384050878,
		"balance": 2018,
		"nickname": "Ксенія",
		"rights": 0,
		"uid": 116
	},
	{
		"id": 396319053,
		"balance": 2018,
		"nickname": "Shadow",
		"rights": 0,
		"uid": 117
	},
	{
		"id": 370081233,
		"balance": 2018,
		"nickname": "Сатана",
		"rights": 0,
		"uid": 118
	},
	{
		"id": 431434636,
		"balance": 2018,
		"nickname": "Винсент",
		"rights": 0,
		"uid": 119
	},
	{
		"id": 330835774,
		"balance": 2018,
		"nickname": "Alex",
		"rights": 0,
		"uid": 120
	},
	{
		"id": 442306533,
		"balance": 2018,
		"nickname": "Eva",
		"rights": 0,
		"uid": 121
	},
	{
		"id": 410869486,
		"balance": 2018,
		"nickname": "Аэлита",
		"rights": 0,
		"uid": 122
	},
	{
		"id": 249925190,
		"balance": 2018,
		"nickname": "Инна",
		"rights": 0,
		"uid": 123
	},
	{
		"id": 198159163,
		"balance": 2018,
		"nickname": "Ксюша",
		"rights": 0,
		"uid": 124
	},
	{
		"id": 372977500,
		"balance": 2018,
		"nickname": "Adelaida",
		"rights": 0,
		"uid": 125
	},
	{
		"id": 393498053,
		"balance": 2018,
		"nickname": "Мистер",
		"rights": 0,
		"uid": 126
	},
	{
		"id": 400675745,
		"balance": 2018,
		"nickname": "Катя",
		"rights": 0,
		"uid": 127
	},
	{
		"id": 430358087,
		"balance": 2018,
		"nickname": "Сергей",
		"rights": 0,
		"uid": 128
	},
	{
		"id": 440563858,
		"balance": 2018,
		"nickname": "Ksenia",
		"rights": 0,
		"uid": 129
	},
	{
		"id": 163244570,
		"balance": 2018,
		"nickname": "Антон",
		"rights": 0,
		"uid": 130
	},
	{
		"id": 432928541,
		"balance": 2018,
		"nickname": "Кристина",
		"rights": 0,
		"uid": 131
	},
	{
		"id": 371609238,
		"balance": 2018,
		"nickname": "The",
		"rights": 0,
		"uid": 132
	},
	{
		"id": 427853048,
		"balance": 2018,
		"nickname": "Mikron",
		"rights": 0,
		"uid": 133
	},
	{
		"id": 79064002,
		"balance": 2018,
		"nickname": "Ляйсан",
		"rights": 0,
		"uid": 134
	},
	{
		"id": 213533177,
		"balance": 2018,
		"nickname": "Victor",
		"rights": 0,
		"uid": 135
	},
	{
		"id": 449807444,
		"balance": 2018,
		"nickname": "Anna",
		"rights": 0,
		"uid": 136
	},
	{
		"id": 208922355,
		"balance": 2018,
		"nickname": "Артем",
		"rights": 0,
		"uid": 137
	},
	{
		"id": 368000722,
		"balance": 2018,
		"nickname": "Мангл",
		"rights": 0,
		"uid": 138
	},
	{
		"id": 185998360,
		"balance": 2018,
		"nickname": "Владислав",
		"rights": 0,
		"uid": 139
	},
	{
		"id": 211841488,
		"balance": 2018,
		"nickname": "Данила",
		"rights": 0,
		"uid": 140
	},
	{
		"id": 429257333,
		"balance": 2018,
		"nickname": "Миша",
		"rights": 0,
		"uid": 141
	},
	{
		"id": 465541554,
		"balance": 2018,
		"nickname": "Tim",
		"rights": 0,
		"uid": 142
	},
	{
		"id": 376818774,
		"balance": 2018,
		"nickname": "Август",
		"rights": 0,
		"uid": 143
	},
	{
		"id": 446873830,
		"balance": 2018,
		"nickname": "Кирилл",
		"rights": 0,
		"uid": 144
	},
	{
		"id": 307249355,
		"balance": 2018,
		"nickname": "Сало",
		"rights": 0,
		"uid": 145
	},
	{
		"id": 211894503,
		"balance": 2018,
		"nickname": "Кирилл",
		"rights": 0,
		"uid": 146
	},
	{
		"id": 230256255,
		"balance": 2018,
		"nickname": "Исмайл",
		"rights": 0,
		"uid": 147
	},
	{
		"id": 326083461,
		"balance": 2018,
		"nickname": "Ирина",
		"rights": 0,
		"uid": 148
	},
	{
		"id": 295820792,
		"balance": 2018,
		"nickname": "Денис",
		"rights": 0,
		"uid": 149
	},
	{
		"id": 302706907,
		"balance": 2018,
		"nickname": "Rozolin",
		"rights": 0,
		"uid": 150
	},
	{
		"id": 284922463,
		"balance": 2018,
		"nickname": "Лолита",
		"rights": 0,
		"uid": 151
	},
	{
		"id": 390142210,
		"balance": 2018,
		"nickname": "Софья",
		"rights": 0,
		"uid": 152
	},
	{
		"id": 372774771,
		"balance": 2018,
		"nickname": "Ержанат",
		"rights": 0,
		"uid": 153
	},
	{
		"id": 324561019,
		"balance": 2018,
		"nickname": "Ника",
		"rights": 0,
		"uid": 154
	},
	{
		"id": 403364651,
		"balance": 2018,
		"nickname": "Ted",
		"rights": 0,
		"uid": 155
	},
	{
		"id": 333040402,
		"balance": 2018,
		"nickname": "Сабир",
		"rights": 0,
		"uid": 156
	},
	{
		"id": 294485834,
		"balance": 2018,
		"nickname": "Олег",
		"rights": 0,
		"uid": 157
	},
	{
		"id": 427375639,
		"balance": 2018,
		"nickname": "Сабина",
		"rights": 0,
		"uid": 158
	},
	{
		"id": 420861360,
		"balance": 2018,
		"nickname": "Маргарита",
		"rights": 0,
		"uid": 159
	},
	{
		"id": 357093736,
		"balance": 2018,
		"nickname": "Мария",
		"rights": 0,
		"uid": 160
	},
	{
		"id": 375838049,
		"balance": 2018,
		"nickname": "Danil",
		"rights": 0,
		"uid": 161
	},
	{
		"id": 336925432,
		"balance": 2018,
		"nickname": "Мангл",
		"rights": 0,
		"uid": 162
	},
	{
		"id": 395411410,
		"balance": 2018,
		"nickname": "Mangle",
		"rights": 0,
		"uid": 163
	},
	{
		"id": 396334336,
		"balance": 2018,
		"nickname": "Вікуся",
		"rights": 0,
		"uid": 164
	},
	{
		"id": 153506876,
		"balance": 2018,
		"nickname": "Алина",
		"rights": 0,
		"uid": 165
	},
	{
		"id": 304594036,
		"balance": 2018,
		"nickname": "Ксения",
		"rights": 0,
		"uid": 166
	},
	{
		"id": 257349218,
		"balance": 2018,
		"nickname": "Артём",
		"rights": 0,
		"uid": 167
	},
	{
		"id": 288828364,
		"balance": 2018,
		"nickname": "Никита",
		"rights": 0,
		"uid": 168
	},
	{
		"id": 394446773,
		"balance": 2018,
		"nickname": "Август",
		"rights": 0,
		"uid": 169
	},
	{
		"id": 352218979,
		"balance": 2018,
		"nickname": "Анастасия",
		"rights": 0,
		"uid": 170
	},
	{
		"id": 437124264,
		"balance": 2018,
		"nickname": "Рик",
		"rights": 0,
		"uid": 171
	},
	{
		"id": 459948188,
		"balance": 2018,
		"nickname": "Даня",
		"rights": 0,
		"uid": 172
	},
	{
		"id": 282978402,
		"balance": 2018,
		"nickname": "Лена",
		"rights": 0,
		"uid": 173
	},
	{
		"id": 275679401,
		"balance": 2018,
		"nickname": "Кира",
		"rights": 0,
		"uid": 174
	},
	{
		"id": 342850536,
		"balance": 2018,
		"nickname": "Тёма",
		"rights": 0,
		"uid": 175
	},
	{
		"id": 373905724,
		"balance": 54,
		"nickname": "Иван",
		"rights": 0,
		"uid": 176
	},
	{
		"id": 453953958,
		"balance": 2018,
		"nickname": "Денис",
		"rights": 0,
		"uid": 177
	},
	{
		"id": 206879105,
		"balance": 2018,
		"nickname": "Антон",
		"rights": 0,
		"uid": 178
	},
	{
		"id": 260504270,
		"balance": 2018,
		"nickname": "Имкан",
		"rights": 0,
		"uid": 179
	},
	{
		"id": 466994301,
		"balance": 2018,
		"nickname": "Орех",
		"rights": 0,
		"uid": 180
	},
	{
		"id": 451100793,
		"balance": 2526,
		"nickname": "Вова",
		"rights": 0,
		"uid": 181
	},
	{
		"id": 400968464,
		"balance": 2018,
		"nickname": "Иван",
		"rights": 0,
		"uid": 182
	},
	{
		"id": 309694532,
		"balance": 2018,
		"nickname": "Егор",
		"rights": 0,
		"uid": 183
	},
	{
		"id": 449223160,
		"balance": 2018,
		"nickname": "Мая",
		"rights": 0,
		"uid": 184
	},
	{
		"id": 151196085,
		"balance": 2018,
		"nickname": "Нина",
		"rights": 0,
		"uid": 185
	},
	{
		"id": 159489413,
		"balance": 2018,
		"nickname": "Кирилл",
		"rights": 0,
		"uid": 186
	},
	{
		"id": 346740073,
		"balance": 2018,
		"nickname": "Злата",
		"rights": 0,
		"uid": 187
	},
	{
		"id": 194543671,
		"balance": 2018,
		"nickname": "Денис",
		"rights": 0,
		"uid": 188
	},
	{
		"id": 175305671,
		"balance": 2018,
		"nickname": "Андрей",
		"rights": 0,
		"uid": 189
	},
	{
		"id": 352607680,
		"balance": 2018,
		"nickname": "Инесса",
		"rights": 0,
		"uid": 190
	},
	{
		"id": 463743368,
		"balance": 2018,
		"nickname": "Софа",
		"rights": 0,
		"uid": 191
	},
	{
		"id": 467159499,
		"balance": 2018,
		"nickname": "Luka",
		"rights": 0,
		"uid": 192
	},
	{
		"id": 304691982,
		"balance": 2018,
		"nickname": "Анна",
		"rights": 0,
		"uid": 193
	},
	{
		"id": 294287268,
		"balance": 2018,
		"nickname": "Денис",
		"rights": 0,
		"uid": 194
	},
	{
		"id": 439784006,
		"balance": 2018,
		"nickname": "Сергей",
		"rights": 0,
		"uid": 195
	},
	{
		"id": 455171002,
		"balance": 2018,
		"nickname": "Виталий",
		"rights": 0,
		"uid": 196
	},
	{
		"id": 446594215,
		"balance": 0,
		"nickname": "Арсений",
		"rights": 0,
		"uid": 197
	},
	{
		"id": 232164423,
		"balance": 2018,
		"nickname": "Виталий",
		"rights": 0,
		"uid": 198
	},
	{
		"id": 414174812,
		"balance": 2018,
		"nickname": "Андрей",
		"rights": 0,
		"uid": 199
	},
	{
		"id": 373885302,
		"balance": 100000,
		"nickname": "M9SKO",
		"rights": 2,
		"uid": 200
	},
	{
		"id": 402624173,
		"balance": 2018,
		"nickname": "Максим",
		"rights": 0,
		"uid": 201
	},
	{
		"id": 455069335,
		"balance": 2018,
		"nickname": "Олег",
		"rights": 0,
		"uid": 202
	},
	{
		"id": 405978916,
		"balance": 2018,
		"nickname": "Денис",
		"rights": 0,
		"uid": 203
	},
	{
		"id": 467300141,
		"balance": 2018,
		"nickname": "Kikker",
		"rights": 0,
		"uid": 204
	},
	{
		"id": 458964198,
		"balance": 2018,
		"nickname": "Обхуяренный",
		"rights": 0,
		"uid": 205
	},
	{
		"id": 181964202,
		"balance": 2018,
		"nickname": "Никита",
		"rights": 0,
		"uid": 206
	},
	{
		"id": 436664083,
		"balance": 2018,
		"nickname": "Кирилл",
		"rights": 0,
		"uid": 207
	},
	{
		"id": 467754758,
		"balance": 2018,
		"nickname": "Botsfox",
		"rights": 0,
		"uid": 208
	},
	{
		"id": 399693935,
		"balance": 2018,
		"nickname": "Алекс",
		"rights": 0,
		"uid": 209
	},
	{
		"id": 150752865,
		"balance": 2018,
		"nickname": "Елисей",
		"rights": 0,
		"uid": 210
	},
	{
		"id": 371388480,
		"balance": 2018,
		"nickname": "Дарья",
		"rights": 0,
		"uid": 211
	},
	{
		"id": 242807083,
		"balance": 2018,
		"nickname": "Андрей",
		"rights": 0,
		"uid": 212
	},
	{
		"id": 380697456,
		"balance": 2018,
		"nickname": "Ярослав",
		"rights": 0,
		"uid": 213
	},
	{
		"id": 59105519,
		"balance": 2018,
		"nickname": "Сергей",
		"rights": 0,
		"uid": 214
	},
	{
		"id": 147732694,
		"balance": 2018,
		"nickname": "Илья",
		"rights": 0,
		"uid": 215
	},
	{
		"id": 71160726,
		"balance": 2018,
		"nickname": "Дмитрий",
		"rights": 0,
		"uid": 216
	},
	{
		"id": 222009876,
		"balance": 2018,
		"nickname": "Виталий",
		"rights": 0,
		"uid": 217
	},
	{
		"id": 98819255,
		"balance": 2,
		"nickname": "Иван",
		"rights": 0,
		"uid": 218
	},
	{
		"id": 238007862,
		"balance": 2018,
		"nickname": "Юра",
		"rights": 0,
		"uid": 219
	},
	{
		"id": 162718038,
		"balance": 2018,
		"nickname": "Яна",
		"rights": 0,
		"uid": 220
	},
	{
		"id": 134802219,
		"balance": 2018,
		"nickname": "Снежана",
		"rights": 0,
		"uid": 221
	},
	{
		"id": 460713389,
		"balance": 2018,
		"nickname": "Твой-Нежный",
		"rights": 0,
		"uid": 222
	},
	{
		"id": 143110964,
		"balance": 2018,
		"nickname": "Анна",
		"rights": 0,
		"uid": 223
	},
	{
		"id": 3606671,
		"balance": 2018,
		"nickname": "Денис",
		"rights": 0,
		"uid": 224
	},
	{
		"id": 47135282,
		"balance": 2018,
		"nickname": "Влад",
		"rights": 0,
		"uid": 225
	},
	{
		"id": 116726287,
		"balance": 2018,
		"nickname": "Юлия",
		"rights": 0,
		"uid": 226
	},
	{
		"id": 119546143,
		"balance": 2018,
		"nickname": "Александр",
		"rights": 0,
		"uid": 227
	},
	{
		"id": 133930176,
		"balance": 2018,
		"nickname": "Халиг",
		"rights": 0,
		"uid": 228
	},
	{
		"id": 47045043,
		"balance": 2018,
		"nickname": "Константин",
		"rights": 0,
		"uid": 229
	},
	{
		"id": 157874888,
		"balance": 2018,
		"nickname": "Иван",
		"rights": 0,
		"uid": 230
	},
	{
		"id": 5066572,
		"balance": 2018,
		"nickname": "Николай",
		"rights": 0,
		"uid": 231
	},
	{
		"id": 217763823,
		"balance": 2018,
		"nickname": "Илья",
		"rights": 0,
		"uid": 232
	},
	{
		"id": 184760107,
		"balance": 2018,
		"nickname": "Илья",
		"rights": 0,
		"uid": 233
	},
	{
		"id": 206128447,
		"balance": 2018,
		"nickname": "Никита",
		"rights": 0,
		"uid": 234
	},
	{
		"id": 158106374,
		"balance": 2018,
		"nickname": "Александр",
		"rights": 0,
		"uid": 235
	},
	{
		"id": 195679940,
		"balance": 2018,
		"nickname": "Виктор",
		"rights": 0,
		"uid": 236
	},
	{
		"id": 4633869,
		"balance": 2018,
		"nickname": "Иринка",
		"rights": 0,
		"uid": 237
	},
	{
		"id": 280293049,
		"balance": 2018,
		"nickname": "Гордей",
		"rights": 0,
		"uid": 238
	},
	{
		"id": 392838832,
		"balance": 2018,
		"nickname": "Vasya",
		"rights": 0,
		"uid": 239
	},
	{
		"id": 96281283,
		"balance": 0,
		"nickname": "Алексей",
		"rights": 0,
		"uid": 240
	},
	{
		"id": 4474238,
		"balance": 2018,
		"nickname": "Vlad",
		"rights": 0,
		"uid": 241
	},
	{
		"id": 120626345,
		"balance": 2018,
		"nickname": "Марина",
		"rights": 0,
		"uid": 242
	},
	{
		"id": 2767301,
		"balance": 2018,
		"nickname": "Влад",
		"rights": 0,
		"uid": 243
	},
	{
		"id": 135097826,
		"balance": 2018,
		"nickname": "Сережа",
		"rights": 0,
		"uid": 244
	},
	{
		"id": 356797669,
		"balance": 2018,
		"nickname": "Екатерина",
		"rights": 0,
		"uid": 245
	},
	{
		"id": 291333540,
		"balance": 2018,
		"nickname": "Макс",
		"rights": 0,
		"uid": 246
	},
	{
		"id": 456556143,
		"balance": 2018,
		"nickname": "Дмитрий",
		"rights": 0,
		"uid": 247
	},
	{
		"id": 213212998,
		"balance": 2018,
		"nickname": "Марк",
		"rights": 0,
		"uid": 248
	},
	{
		"id": 1022169,
		"balance": 2018,
		"nickname": "Анвар",
		"rights": 0,
		"uid": 249
	},
	{
		"id": 417020448,
		"balance": 2018,
		"nickname": "Нурболот",
		"rights": 0,
		"uid": 250
	},
	{
		"id": 420521315,
		"balance": 2018,
		"nickname": "Настя",
		"rights": 0,
		"uid": 251
	},
	{
		"id": 217052631,
		"balance": 2018,
		"nickname": "Алексей",
		"rights": 0,
		"uid": 252
	},
	{
		"id": 178183281,
		"balance": 2018,
		"nickname": "Vitya",
		"rights": 0,
		"uid": 253
	},
	{
		"id": 154706237,
		"balance": 2018,
		"nickname": "Александр",
		"rights": 0,
		"uid": 254
	},
	{
		"id": 415373847,
		"balance": 2018,
		"nickname": "Bloger",
		"rights": 0,
		"uid": 255
	},
	{
		"id": 211704613,
		"balance": 2018,
		"nickname": "Никита",
		"rights": 0,
		"uid": 256
	},
	{
		"id": 188881425,
		"balance": 2018,
		"nickname": "Анастасия",
		"rights": 0,
		"uid": 257
	},
	{
		"id": 167846447,
		"balance": 2018,
		"nickname": "Евгений",
		"rights": 0,
		"uid": 258
	},
	{
		"id": 218293335,
		"balance": 2018,
		"nickname": "Дима",
		"rights": 0,
		"uid": 259
	},
	{
		"id": 161169020,
		"balance": 2018,
		"nickname": "Фёдор",
		"rights": 0,
		"uid": 260
	},
	{
		"id": 55146937,
		"balance": 2018,
		"nickname": "Вадим",
		"rights": 0,
		"uid": 261
	},
	{
		"id": 179780648,
		"balance": 2018,
		"nickname": "Дарья",
		"rights": 0,
		"uid": 262
	},
	{
		"id": 5780878,
		"balance": 2018,
		"nickname": "Екатерина",
		"rights": 0,
		"uid": 263
	},
	{
		"id": 425983854,
		"balance": 2018,
		"nickname": "Андрей",
		"rights": 0,
		"uid": 264
	},
	{
		"id": 157740706,
		"balance": 2018,
		"nickname": "Александр",
		"rights": 0,
		"uid": 265
	},
	{
		"id": 5529331,
		"balance": 2018,
		"nickname": "Александр",
		"rights": 0,
		"uid": 266
	},
	{
		"id": 424888291,
		"balance": 2018,
		"nickname": "Bernardo",
		"rights": 0,
		"uid": 267
	},
	{
		"id": 134780235,
		"balance": 2018,
		"nickname": "Ирина",
		"rights": 0,
		"uid": 268
	},
	{
		"id": 331107141,
		"balance": 2018,
		"nickname": "Игорь",
		"rights": 0,
		"uid": 269
	},
	{
		"id": 209774010,
		"balance": 18,
		"nickname": "Иван",
		"rights": 0,
		"uid": 270
	},
	{
		"id": 467699368,
		"balance": 2018,
		"nickname": "Надя",
		"rights": 0,
		"uid": 271
	},
	{
		"id": 454097807,
		"balance": 2018,
		"nickname": "Ёжик",
		"rights": 0,
		"uid": 272
	},
	{
		"id": 181959173,
		"balance": 2018,
		"nickname": "Артём",
		"rights": 0,
		"uid": 273
	},
	{
		"id": 176101678,
		"balance": 2018,
		"nickname": "Серёжа",
		"rights": 0,
		"uid": 274
	},
	{
		"id": 196169181,
		"balance": 2018,
		"nickname": "Максим",
		"rights": 0,
		"uid": 275
	},
	{
		"id": 167311313,
		"balance": 2018,
		"nickname": "Юлия",
		"rights": 0,
		"uid": 276
	},
	{
		"id": 127172472,
		"balance": 2018,
		"nickname": "Николай",
		"rights": 0,
		"uid": 277
	},
	{
		"id": 330410040,
		"balance": 2018,
		"nickname": "Nikita",
		"rights": 0,
		"uid": 278
	},
	{
		"id": 384330478,
		"balance": 2018,
		"nickname": "Кардашбек",
		"rights": 0,
		"uid": 279
	},
	{
		"id": 468067131,
		"balance": 2018,
		"nickname": "Alex",
		"rights": 0,
		"uid": 280
	},
	{
		"id": 431543257,
		"balance": 2018,
		"nickname": "Ylirana",
		"rights": 0,
		"uid": 281
	},
	{
		"id": 54619028,
		"balance": 2018,
		"nickname": "Эмма",
		"rights": 0,
		"uid": 282
	},
	{
		"id": 467111223,
		"balance": 2018,
		"nickname": "Ирина",
		"rights": 0,
		"uid": 283
	},
	{
		"id": 462726573,
		"balance": 2018,
		"nickname": "Блиц",
		"rights": 0,
		"uid": 284
	},
	{
		"id": 424765048,
		"balance": 2018,
		"nickname": "Дмитрий",
		"rights": 0,
		"uid": 285
	},
	{
		"id": 239198734,
		"balance": 2018,
		"nickname": "Фатима",
		"rights": 0,
		"uid": 286
	},
	{
		"id": 354272490,
		"balance": 2018,
		"nickname": "Григорий",
		"rights": 0,
		"uid": 287
	},
	{
		"id": 464216616,
		"balance": 2018,
		"nickname": "Дмитрий",
		"rights": 0,
		"uid": 288
	},
	{
		"id": 120804375,
		"balance": 2018,
		"nickname": "Zakhar",
		"rights": 0,
		"uid": 289
	},
	{
		"id": 349557478,
		"balance": 2018,
		"nickname": "Maria",
		"rights": 0,
		"uid": 290
	},
	{
		"id": 442283242,
		"balance": 2018,
		"nickname": "Дима",
		"rights": 0,
		"uid": 291
	},
	{
		"id": 332914694,
		"balance": 2018,
		"nickname": "Дима",
		"rights": 0,
		"uid": 292
	},
	{
		"id": 393951972,
		"balance": 5000,
		"nickname": "Дина",
		"rights": 1,
		"uid": 293
	},
	{
		"id": 226963811,
		"balance": 2018,
		"nickname": "Артур",
		"rights": 0,
		"uid": 294
	},
	{
		"id": 349276916,
		"balance": 2018,
		"nickname": "Лёша",
		"rights": 0,
		"uid": 295
	},
	{
		"id": 416799078,
		"balance": 2018,
		"nickname": "Андрей",
		"rights": 0,
		"uid": 296
	},
	{
		"id": 391778071,
		"balance": 2018,
		"nickname": "Юля",
		"rights": 0,
		"uid": 297
	},
	{
		"id": 396031275,
		"balance": 2018,
		"nickname": "Влад",
		"rights": 0,
		"uid": 298
	},
	{
		"id": 359739006,
		"balance": 2018,
		"nickname": "Егор",
		"rights": 0,
		"uid": 299
	},
	{
		"id": 366925456,
		"balance": 2018,
		"nickname": "Имя",
		"rights": 0,
		"uid": 300
	},
	{
		"id": 403144651,
		"balance": 2018,
		"nickname": "Адам",
		"rights": 0,
		"uid": 301
	},
	{
		"id": 285386143,
		"balance": 6018,
		"nickname": "Роман",
		"rights": 0,
		"uid": 302
	},
	{
		"id": 221124919,
		"balance": 2018,
		"nickname": "Серый",
		"rights": 0,
		"uid": 303
	},
	{
		"id": 179317486,
		"balance": 2018,
		"nickname": "Лёня",
		"rights": 0,
		"uid": 304
	},
	{
		"id": 383028256,
		"balance": 2018,
		"nickname": "Катя",
		"rights": 0,
		"uid": 305
	},
	{
		"id": 219037423,
		"balance": 2018,
		"nickname": "Данил",
		"rights": 0,
		"uid": 306
	},
	{
		"id": 326982013,
		"balance": 2018,
		"nickname": "Иван",
		"rights": 0,
		"uid": 307
	},
	{
		"id": 395646590,
		"balance": 2018,
		"nickname": "Леон",
		"rights": 0,
		"uid": 308
	},
	{
		"id": 468114699,
		"balance": 2018,
		"nickname": "Tails",
		"rights": 0,
		"uid": 309
	},
	{
		"id": 462943368,
		"balance": 2018,
		"nickname": "Капдыч",
		"rights": 0,
		"uid": 310
	},
	{
		"id": 466897468,
		"balance": 2018,
		"nickname": "Алиса",
		"rights": 0,
		"uid": 311
	},
	{
		"id": 463111949,
		"balance": 2018,
		"nickname": "Дмитрий",
		"rights": 0,
		"uid": 312
	},
	{
		"id": 462951787,
		"balance": 2018,
		"nickname": "Юрий",
		"rights": 0,
		"uid": 313
	},
	{
		"id": 138205241,
		"balance": 2018,
		"nickname": "Константин",
		"rights": 0,
		"uid": 314
	},
	{
		"id": 239678829,
		"balance": 2018,
		"nickname": "Павел",
		"rights": 0,
		"uid": 315
	},
	{
		"id": 469061131,
		"balance": 2018,
		"nickname": "Вячеслав",
		"rights": 0,
		"uid": 316
	},
	{
		"id": 185364667,
		"balance": 2018,
		"nickname": "Дмитрий",
		"rights": 0,
		"uid": 317
	},
	{
		"id": 158874457,
		"balance": 2018,
		"nickname": "Павел",
		"rights": 0,
		"uid": 318
	},
	{
		"id": 279497956,
		"balance": 2018,
		"nickname": "Никита",
		"rights": 0,
		"uid": 319
	},
	{
		"id": 347241116,
		"balance": 2018,
		"nickname": "Сергей",
		"rights": 0,
		"uid": 320
	},
	{
		"id": 233191385,
		"balance": 2018,
		"nickname": "Кристина",
		"rights": 0,
		"uid": 321
	},
	{
		"id": 218206868,
		"balance": 2017,
		"nickname": "Леон",
		"rights": 0,
		"uid": 322
	},
	{
		"id": 290928696,
		"balance": 2018,
		"nickname": "Ярослав",
		"rights": 0,
		"uid": 323
	},
	{
		"id": 140043571,
		"balance": 2018,
		"nickname": "Мовсес",
		"rights": 0,
		"uid": 324
	},
	{
		"id": 209732743,
		"balance": 2018,
		"nickname": "Слава",
		"rights": 0,
		"uid": 325
	},
	{
		"id": 251235295,
		"balance": 2018,
		"nickname": "Алина",
		"rights": 0,
		"uid": 326
	},
	{
		"id": 438594202,
		"balance": 2018,
		"nickname": "Саша",
		"rights": 0,
		"uid": 327
	},
	{
		"id": 135433081,
		"balance": 2018,
		"nickname": "Max",
		"rights": 0,
		"uid": 328
	},
	{
		"id": 231800087,
		"balance": 2018,
		"nickname": "Сергей",
		"rights": 0,
		"uid": 329
	},
	{
		"id": 202152420,
		"balance": 2018,
		"nickname": "Катерина",
		"rights": 0,
		"uid": 330
	},
	{
		"id": 210044485,
		"balance": 2018,
		"nickname": "Родион",
		"rights": 0,
		"uid": 331
	},
	{
		"id": 432964910,
		"balance": 2018,
		"nickname": "Семён",
		"rights": 0,
		"uid": 332
	},
	{
		"id": 407833429,
		"balance": 2018,
		"nickname": "Раушанчик",
		"rights": 0,
		"uid": 333
	},
	{
		"id": 446075739,
		"balance": 2018,
		"nickname": "Данила",
		"rights": 0,
		"uid": 334
	},
	{
		"id": 461102412,
		"balance": 1018,
		"nickname": "Кирилл",
		"rights": 0,
		"uid": 335
	},
	{
		"id": 467221242,
		"balance": 2018,
		"nickname": "Oleg",
		"rights": 0,
		"uid": 336
	},
	{
		"id": 313751417,
		"balance": 2018,
		"nickname": "Евгения",
		"rights": 0,
		"uid": 337
	},
	{
		"id": 243691943,
		"balance": 2018,
		"nickname": "Кирилл",
		"rights": 0,
		"uid": 338
	},
	{
		"id": 390030191,
		"balance": 2018,
		"nickname": "Salazar",
		"rights": 0,
		"uid": 339
	},
	{
		"id": 302811592,
		"balance": 0,
		"nickname": "Артем",
		"rights": 0,
		"uid": 340
	},
	{
		"id": -145160073,
		"balance": 2018,
		"nickname": "Пользователь",
		"rights": 0,
		"uid": 341
	},
	{
		"id": 242714222,
		"balance": 2018,
		"nickname": "Максим",
		"rights": 0,
		"uid": 342
	},
	{
		"id": 195600647,
		"balance": 2018,
		"nickname": "Александр",
		"rights": 0,
		"uid": 343
	},
	{
		"id": 460409796,
		"balance": 2018,
		"nickname": "School",
		"rights": 0,
		"uid": 344
	},
	{
		"id": 309502827,
		"balance": 2018,
		"nickname": "Коля",
		"rights": 0,
		"uid": 345
	},
	{
		"id": 249378326,
		"balance": 2018,
		"nickname": "Максим",
		"rights": 0,
		"uid": 346
	},
	{
		"id": 184948209,
		"balance": 2018,
		"nickname": "Искандер",
		"rights": 0,
		"uid": 347
	},
	{
		"id": 462862386,
		"balance": 2018,
		"nickname": "Aleksey",
		"rights": 0,
		"uid": 348
	},
	{
		"id": 324496197,
		"balance": 0,
		"nickname": "Даниил",
		"rights": 0,
		"uid": 349
	},
	{
		"id": 464773798,
		"balance": 2018,
		"nickname": "Артём",
		"rights": 0,
		"uid": 350
	},
	{
		"id": 455654267,
		"balance": 2018,
		"nickname": "Боб",
		"rights": 0,
		"uid": 351
	},
	{
		"id": 455404123,
		"balance": 2018,
		"nickname": "Morty",
		"rights": 0,
		"uid": 352
	},
	{
		"id": 292409835,
		"balance": 2018,
		"nickname": "Вика",
		"rights": 0,
		"uid": 353
	},
	{
		"id": 450047992,
		"balance": 2018,
		"nickname": "Ксюша",
		"rights": 0,
		"uid": 354
	},
	{
		"id": 300868325,
		"balance": 2018,
		"nickname": "Милена",
		"rights": 0,
		"uid": 355
	},
	{
		"id": 448388200,
		"balance": 2018,
		"nickname": "Ксеня",
		"rights": 0,
		"uid": 356
	},
	{
		"id": 387066260,
		"balance": 2018,
		"nickname": "Nikita",
		"rights": 0,
		"uid": 357
	},
	{
		"id": 467646867,
		"balance": 2018,
		"nickname": "Morty",
		"rights": 0,
		"uid": 358
	},
	{
		"id": 157439217,
		"balance": 2018,
		"nickname": "Рик",
		"rights": 0,
		"uid": 359
	},
	{
		"id": 353255678,
		"balance": 2018,
		"nickname": "Александра",
		"rights": 0,
		"uid": 360
	},
	{
		"id": 353311238,
		"balance": 2018,
		"nickname": "Николай",
		"rights": 0,
		"uid": 361
	},
	{
		"id": 236098557,
		"balance": 2018,
		"nickname": "Олег",
		"rights": 0,
		"uid": 362
	},
	{
		"id": 186427590,
		"balance": 2018,
		"nickname": "Ислам",
		"rights": 0,
		"uid": 363
	},
	{
		"id": 258158985,
		"balance": 2018,
		"nickname": "Юлия",
		"rights": 0,
		"uid": 364
	},
	{
		"id": 221454150,
		"balance": 2018,
		"nickname": "Андрей",
		"rights": 0,
		"uid": 365
	},
	{
		"id": 155862663,
		"balance": 2018,
		"nickname": "Андрей",
		"rights": 0,
		"uid": 366
	},
	{
		"id": 466954295,
		"balance": 2018,
		"nickname": "Matthew",
		"rights": 0,
		"uid": 367
	},
	{
		"id": 382881602,
		"balance": 2018,
		"nickname": "Настя",
		"rights": 0,
		"uid": 368
	},
	{
		"id": 416235990,
		"balance": 2018,
		"nickname": "Влад",
		"rights": 0,
		"uid": 369
	},
	{
		"id": 230619296,
		"balance": 2018,
		"nickname": "Светлана",
		"rights": 0,
		"uid": 370
	},
	{
		"id": 297797427,
		"balance": 2018,
		"nickname": "Алиса",
		"rights": 0,
		"uid": 371
	},
	{
		"id": 226007668,
		"balance": 2018,
		"nickname": "Анжелика",
		"rights": 0,
		"uid": 372
	},
	{
		"id": 307918926,
		"balance": 2018,
		"nickname": "Даниил",
		"rights": 0,
		"uid": 373
	},
	{
		"id": 461783048,
		"balance": 2018,
		"nickname": "Александр",
		"rights": 0,
		"uid": 374
	},
	{
		"id": 358692404,
		"balance": 2018,
		"nickname": "Камила",
		"rights": 0,
		"uid": 375
	},
	{
		"id": 246031846,
		"balance": 2018,
		"nickname": "Кирилл",
		"rights": 0,
		"uid": 376
	},
	{
		"id": 245670209,
		"balance": 2018,
		"nickname": "Степан",
		"rights": 0,
		"uid": 377
	},
	{
		"id": 467979836,
		"balance": 2018,
		"nickname": "Дмитрий",
		"rights": 0,
		"uid": 378
	},
	{
		"id": 159177300,
		"balance": 2018,
		"nickname": "Наталья",
		"rights": 0,
		"uid": 379
	},
	{
		"id": 384734550,
		"balance": 2018,
		"nickname": "Еламан",
		"rights": 0,
		"uid": 380
	},
	{
		"id": 462354569,
		"balance": 2018,
		"nickname": "Алексей",
		"rights": 0,
		"uid": 381
	},
	{
		"id": 27425845,
		"balance": 2018,
		"nickname": "Анатолий",
		"rights": 0,
		"uid": 382
	},
	{
		"id": 248817734,
		"balance": 2018,
		"nickname": "Женя",
		"rights": 0,
		"uid": 383
	},
	{
		"id": 285172855,
		"balance": 2018,
		"nickname": "Андрей",
		"rights": 0,
		"uid": 384
	},
	{
		"id": 254430947,
		"balance": 2018,
		"nickname": "Глеб",
		"rights": 0,
		"uid": 385
	},
	{
		"id": 278959434,
		"balance": 2018,
		"nickname": "Ильхам",
		"rights": 0,
		"uid": 386
	},
	{
		"id": 300186707,
		"balance": 2018,
		"nickname": "Андрей",
		"rights": 0,
		"uid": 387
	},
	{
		"id": 305191477,
		"balance": 2018,
		"nickname": "Женёк",
		"rights": 0,
		"uid": 388
	},
	{
		"id": 235407472,
		"balance": 2018,
		"nickname": "Карина",
		"rights": 0,
		"uid": 389
	},
	{
		"id": 278538873,
		"balance": 2018,
		"nickname": "Юра",
		"rights": 0,
		"uid": 390
	},
	{
		"id": 246632121,
		"balance": 2018,
		"nickname": "Вика",
		"rights": 0,
		"uid": 391
	},
	{
		"id": 321814069,
		"balance": 2018,
		"nickname": "Эрик",
		"rights": 0,
		"uid": 392
	},
	{
		"id": 348388148,
		"balance": 2018,
		"nickname": "Helen",
		"rights": 0,
		"uid": 393
	},
	{
		"id": 383704346,
		"balance": 2018,
		"nickname": "Шрёдингер",
		"rights": 0,
		"uid": 394
	},
	{
		"id": 445634613,
		"balance": 2018,
		"nickname": "Konan",
		"rights": 0,
		"uid": 395
	},
	{
		"id": 467482340,
		"balance": 2018,
		"nickname": "Сашко",
		"rights": 0,
		"uid": 396
	},
	{
		"id": 8106145,
		"balance": 2018,
		"nickname": "Андрей",
		"rights": 0,
		"uid": 397
	},
	{
		"id": 49567337,
		"balance": 2018,
		"nickname": "Андрій",
		"rights": 0,
		"uid": 398
	},
	{
		"id": 392641965,
		"balance": 2018,
		"nickname": "Роман",
		"rights": 0,
		"uid": 399
	},
	{
		"id": 310148343,
		"balance": 2018,
		"nickname": "Kara",
		"rights": 0,
		"uid": 400
	},
	{
		"id": 299214210,
		"balance": 2018,
		"nickname": "Александра",
		"rights": 0,
		"uid": 401
	},
	{
		"id": 257071222,
		"balance": 2018,
		"nickname": "Снежана",
		"rights": 0,
		"uid": 402
	},
	{
		"id": 410426901,
		"balance": 2018,
		"nickname": "Елизавета",
		"rights": 0,
		"uid": 403
	},
	{
		"id": 319286215,
		"balance": 2018,
		"nickname": "Вусал",
		"rights": 0,
		"uid": 404
	},
	{
		"id": 227210274,
		"balance": 2018,
		"nickname": "Влад",
		"rights": 0,
		"uid": 405
	},
	{
		"id": 305955216,
		"balance": 2018,
		"nickname": "Эдуард",
		"rights": 0,
		"uid": 406
	},
	{
		"id": 470512868,
		"balance": 2018,
		"nickname": "Ричард",
		"rights": 0,
		"uid": 407
	},
	{
		"id": 316103943,
		"balance": 2018,
		"nickname": "Анна",
		"rights": 0,
		"uid": 408
	},
	{
		"id": 446932555,
		"balance": 2018,
		"nickname": "Марина",
		"rights": 0,
		"uid": 409
	},
	{
		"id": 197893538,
		"balance": 2018,
		"nickname": "Сергей",
		"rights": 0,
		"uid": 410
	},
	{
		"id": 388204438,
		"balance": 2018,
		"nickname": "Александр",
		"rights": 0,
		"uid": 411
	},
	{
		"id": 175285163,
		"balance": 2018,
		"nickname": "Оскар",
		"rights": 0,
		"uid": 412
	},
	{
		"id": 258583126,
		"balance": 2018,
		"nickname": "Варя",
		"rights": 0,
		"uid": 413
	},
	{
		"id": 213632047,
		"balance": 2018,
		"nickname": "Евгения",
		"rights": 0,
		"uid": 414
	},
	{
		"id": 281799769,
		"balance": 2018,
		"nickname": "Коля",
		"rights": 0,
		"uid": 415
	},
	{
		"id": 303315039,
		"balance": 2018,
		"nickname": "Анастасия",
		"rights": 0,
		"uid": 416
	},
	{
		"id": 227403874,
		"balance": 2018,
		"nickname": "Влад",
		"rights": 0,
		"uid": 417
	},
	{
		"id": 371820045,
		"balance": 2018,
		"nickname": "Дюрневир",
		"rights": 0,
		"uid": 418
	},
	{
		"id": 466213828,
		"balance": 2018,
		"nickname": "Клинт",
		"rights": 0,
		"uid": 419
	},
	{
		"id": 309979124,
		"balance": 2018,
		"nickname": "Надя",
		"rights": 0,
		"uid": 420
	},
	{
		"id": 312752722,
		"balance": 2018,
		"nickname": "Анастасия",
		"rights": 0,
		"uid": 421
	},
	{
		"id": 447472359,
		"balance": 2018,
		"nickname": "Боб",
		"rights": 0,
		"uid": 422
	},
	{
		"id": 318267941,
		"balance": 2018,
		"nickname": "Катарина",
		"rights": 0,
		"uid": 423
	},
	{
		"id": 352906995,
		"balance": 2018,
		"nickname": "Юля",
		"rights": 0,
		"uid": 424
	},
	{
		"id": 459028754,
		"balance": 2018,
		"nickname": "Андрей",
		"rights": 0,
		"uid": 425
	},
	{
		"id": 22393922,
		"balance": 2018,
		"nickname": "Сотона",
		"rights": 0,
		"uid": 426
	},
	{
		"id": 339522053,
		"balance": 2018,
		"nickname": "Ильсияр",
		"rights": 0,
		"uid": 427
	},
	{
		"id": 431736815,
		"balance": 2018,
		"nickname": "Jessica",
		"rights": 0,
		"uid": 428
	},
	{
		"id": 459348273,
		"balance": 2018,
		"nickname": "Максим",
		"rights": 0,
		"uid": 429
	},
	{
		"id": 202176014,
		"balance": 2018,
		"nickname": "Стас",
		"rights": 0,
		"uid": 430
	},
	{
		"id": 133534984,
		"balance": 2018,
		"nickname": "Михаил",
		"rights": 0,
		"uid": 431
	},
	{
		"id": 280395431,
		"balance": 2018,
		"nickname": "Ваня",
		"rights": 0,
		"uid": 432
	},
	{
		"id": 470365348,
		"balance": 2018,
		"nickname": "Сергей",
		"rights": 0,
		"uid": 433
	},
	{
		"id": 117914373,
		"balance": 2018,
		"nickname": "Марина",
		"rights": 0,
		"uid": 434
	},
	{
		"id": 279434185,
		"balance": 2018,
		"nickname": "Дмитрий",
		"rights": 0,
		"uid": 435
	},
	{
		"id": 434350100,
		"balance": 2018,
		"nickname": "Никита",
		"rights": 0,
		"uid": 436
	},
	{
		"id": 251211154,
		"balance": 2018,
		"nickname": "Лера",
		"rights": 0,
		"uid": 437
	},
	{
		"id": 324915065,
		"balance": 2018,
		"nickname": "Ксюша",
		"rights": 0,
		"uid": 438
	},
	{
		"id": 168268076,
		"balance": 2017,
		"nickname": "Сергей",
		"rights": 0,
		"uid": 439
	},
	{
		"id": 284931800,
		"balance": 2018,
		"nickname": "Валера",
		"rights": 0,
		"uid": 440
	},
	{
		"id": 296837324,
		"balance": 2018,
		"nickname": "Слава",
		"rights": 0,
		"uid": 441
	},
	{
		"id": 452361365,
		"balance": 2018,
		"nickname": "Chara",
		"rights": 0,
		"uid": 442
	},
	{
		"id": 432536152,
		"balance": 2018,
		"nickname": "Юлия",
		"rights": 0,
		"uid": 443
	},
	{
		"id": 439061229,
		"balance": 2018,
		"nickname": "Ксения",
		"rights": 0,
		"uid": 444
	},
	{
		"id": 463228173,
		"balance": 2018,
		"nickname": "Андрей",
		"rights": 0,
		"uid": 445
	},
	{
		"id": 224566014,
		"balance": 2018,
		"nickname": "Дима",
		"rights": 0,
		"uid": 446
	},
	{
		"id": 426327289,
		"balance": 2018,
		"nickname": "Алина",
		"rights": 0,
		"uid": 447
	},
	{
		"id": 18160895,
		"balance": 2018,
		"nickname": "Степан",
		"rights": 0,
		"uid": 448
	},
	{
		"id": 363464058,
		"balance": 2018,
		"nickname": "Оскар",
		"rights": 0,
		"uid": 449
	},
	{
		"id": 161314072,
		"balance": 2018,
		"nickname": "Данил",
		"rights": 0,
		"uid": 450
	},
	{
		"id": 334725052,
		"balance": 2018,
		"nickname": "Максим",
		"rights": 0,
		"uid": 451
	},
	{
		"id": 284674664,
		"balance": 2018,
		"nickname": "Тимофей",
		"rights": 0,
		"uid": 452
	},
	{
		"id": 304723252,
		"balance": 2018,
		"nickname": "Максим",
		"rights": 0,
		"uid": 453
	},
	{
		"id": 323229753,
		"balance": 2018,
		"nickname": "Елизавета",
		"rights": 0,
		"uid": 454
	},
	{
		"id": 373904507,
		"balance": 2018,
		"nickname": "Аскат",
		"rights": 0,
		"uid": 455
	},
	{
		"id": 286047680,
		"balance": 2018,
		"nickname": "Данил",
		"rights": 0,
		"uid": 456
	},
	{
		"id": 251670950,
		"balance": 2018,
		"nickname": "Никита",
		"rights": 0,
		"uid": 457
	},
	{
		"id": 454804085,
		"balance": 2018,
		"nickname": "Нияра",
		"rights": 0,
		"uid": 458
	},
	{
		"id": 365183843,
		"balance": 2018,
		"nickname": "Αндрей",
		"rights": 0,
		"uid": 459
	},
	{
		"id": 204953864,
		"balance": 2018,
		"nickname": "Максим",
		"rights": 0,
		"uid": 460
	},
	{
		"id": 384789074,
		"balance": 2018,
		"nickname": "Егор",
		"rights": 0,
		"uid": 461
	},
	{
		"id": 464912639,
		"balance": 2018,
		"nickname": "Roma",
		"rights": 0,
		"uid": 462
	},
	{
		"id": 236968605,
		"balance": 2018,
		"nickname": "Анастасия",
		"rights": 0,
		"uid": 463
	},
	{
		"id": 454783357,
		"balance": 2018,
		"nickname": "Дмитрий",
		"rights": 0,
		"uid": 464
	},
	{
		"id": 338870470,
		"balance": 2018,
		"nickname": "Даша",
		"rights": 0,
		"uid": 465
	},
	{
		"id": 445310334,
		"balance": 2018,
		"nickname": "Лосяш",
		"rights": 0,
		"uid": 466
	},
	{
		"id": 457177766,
		"balance": 2018,
		"nickname": "Громовержец",
		"rights": 0,
		"uid": 467
	},
	{
		"id": 291616181,
		"balance": 2018,
		"nickname": "Махамбет",
		"rights": 0,
		"uid": 468
	},
	{
		"id": 161030995,
		"balance": 2018,
		"nickname": "Илья",
		"rights": 0,
		"uid": 469
	},
	{
		"id": 299745911,
		"balance": 1318,
		"nickname": "Данил",
		"rights": 0,
		"uid": 470
	},
	{
		"id": 429528131,
		"balance": 2018,
		"nickname": "Кирилл",
		"rights": 0,
		"uid": 471
	},
	{
		"id": 206739327,
		"balance": 2018,
		"nickname": "Александр",
		"rights": 0,
		"uid": 472
	},
	{
		"id": 316277825,
		"balance": 2018,
		"nickname": "Абдула",
		"rights": 0,
		"uid": 473
	},
	{
		"id": 202894465,
		"balance": 2018,
		"nickname": "Екатерина",
		"rights": 0,
		"uid": 474
	},
	{
		"id": 237369279,
		"balance": 2018,
		"nickname": "Эмиль",
		"rights": 0,
		"uid": 475
	},
	{
		"id": 371195976,
		"balance": 2018,
		"nickname": "Семион",
		"rights": 0,
		"uid": 476
	},
	{
		"id": 186997010,
		"balance": 2018,
		"nickname": "Диана",
		"rights": 0,
		"uid": 477
	},
	{
		"id": 410012641,
		"balance": 2018,
		"nickname": "Виктория",
		"rights": 0,
		"uid": 478
	},
	{
		"id": 300360737,
		"balance": 2018,
		"nickname": "Артём",
		"rights": 0,
		"uid": 479
	},
	{
		"id": 418692572,
		"balance": 2018,
		"nickname": "Саша",
		"rights": 0,
		"uid": 480
	},
	{
		"id": 179926325,
		"balance": 2018,
		"nickname": "Никита",
		"rights": 0,
		"uid": 481
	},
	{
		"id": 357253172,
		"balance": 2018,
		"nickname": "Toy-Cindy",
		"rights": 0,
		"uid": 482
	},
	{
		"id": 273896868,
		"balance": 2018,
		"nickname": "Евгений",
		"rights": 0,
		"uid": 483
	},
	{
		"id": 236809488,
		"balance": 2018,
		"nickname": "Богдан",
		"rights": 0,
		"uid": 484
	},
	{
		"id": 454835098,
		"balance": 2018,
		"nickname": "Добромир",
		"rights": 0,
		"uid": 485
	},
	{
		"id": 472759418,
		"balance": 2018,
		"nickname": "Максим",
		"rights": 0,
		"uid": 486
	},
	{
		"id": 276977194,
		"balance": 2018,
		"nickname": "Кирилл",
		"rights": 0,
		"uid": 487
	},
	{
		"id": 375989047,
		"balance": 0,
		"nickname": "Борис",
		"rights": 0,
		"uid": 488
	},
	{
		"id": 472616165,
		"balance": 2018,
		"nickname": "Вячеслав",
		"rights": 0,
		"uid": 489
	},
	{
		"id": 293106896,
		"balance": 2018,
		"nickname": "Рома",
		"rights": 0,
		"uid": 490
	},
	{
		"id": 201562853,
		"balance": 2018,
		"nickname": "Артур",
		"rights": 0,
		"uid": 491
	},
	{
		"id": 467544640,
		"balance": 2018,
		"nickname": "Chat",
		"rights": 0,
		"uid": 492
	},
	{
		"id": 340448010,
		"balance": 2018,
		"nickname": "Таня",
		"rights": 0,
		"uid": 493
	},
	{
		"id": 303293209,
		"balance": -82,
		"nickname": "Сергей",
		"rights": 0,
		"uid": 494
	},
	{
		"id": 186793844,
		"balance": 2018,
		"nickname": "Денис",
		"rights": 0,
		"uid": 495
	},
	{
		"id": 176194603,
		"balance": 218,
		"nickname": "Булат",
		"rights": 0,
		"uid": 496
	},
	{
		"id": 437331357,
		"balance": 2018,
		"nickname": "Андрей",
		"rights": 0,
		"uid": 497
	},
	{
		"id": 238357034,
		"balance": 0,
		"nickname": "Никита",
		"rights": 0,
		"uid": 498
	},
	{
		"id": 287762196,
		"balance": 0,
		"nickname": "Алексей",
		"rights": 0,
		"uid": 499
	},
	{
		"id": 404274219,
		"balance": 2018,
		"nickname": "Ян",
		"rights": 0,
		"uid": 500
	},
	{
		"id": 425535962,
		"balance": 0,
		"nickname": "Ильдар",
		"rights": 0,
		"uid": 501
	},
	{
		"id": 269966472,
		"balance": 2018,
		"nickname": "Vasya",
		"rights": 0,
		"uid": 502
	},
	{
		"id": 473244312,
		"balance": 2018,
		"nickname": "Владимир",
		"rights": 0,
		"uid": 503
	},
	{
		"id": 256180042,
		"balance": 2018,
		"nickname": "Илья",
		"rights": 0,
		"uid": 504
	},
	{
		"id": 240600804,
		"balance": 0,
		"nickname": "Иван",
		"rights": 0,
		"uid": 505
	},
	{
		"id": 328143864,
		"balance": 2018,
		"nickname": "Дмитрий",
		"rights": 0,
		"uid": 506
	},
	{
		"id": 282884305,
		"balance": 0,
		"nickname": "Максим",
		"rights": 0,
		"uid": 507
	},
	{
		"id": 384202568,
		"balance": 2018,
		"nickname": "Жабраил",
		"rights": 0,
		"uid": 508
	},
	{
		"id": 447048471,
		"balance": 2018,
		"nickname": "Андрей",
		"rights": 0,
		"uid": 509
	},
	{
		"id": 252929962,
		"balance": 2018,
		"nickname": "Дима",
		"rights": 0,
		"uid": 510
	},
	{
		"id": 261274446,
		"balance": 0,
		"nickname": "Марк",
		"rights": 0,
		"uid": 511
	},
	{
		"id": 338025722,
		"balance": 2018,
		"nickname": "Дима",
		"rights": 0,
		"uid": 512
	},
	{
		"id": 425042755,
		"balance": 2018,
		"nickname": "Дашуля",
		"rights": 0,
		"uid": 513
	},
	{
		"id": 426534023,
		"balance": 2018,
		"nickname": "Максим",
		"rights": 0,
		"uid": 514
	},
	{
		"id": 333658297,
		"balance": 2018,
		"nickname": "Денис",
		"rights": 0,
		"uid": 515
	},
	{
		"id": 463435055,
		"balance": 2018,
		"nickname": "Олеся",
		"rights": 0,
		"uid": 516
	},
	{
		"id": 337800107,
		"balance": 2018,
		"nickname": "Руслан",
		"rights": 0,
		"uid": 517
	},
	{
		"id": 370421190,
		"balance": 118,
		"nickname": "Илья",
		"rights": 0,
		"uid": 518
	},
	{
		"id": 226056757,
		"balance": 2018,
		"nickname": "Сергей",
		"rights": 0,
		"uid": 519
	},
	{
		"id": 436817643,
		"balance": 2018,
		"nickname": "Ваня",
		"rights": 0,
		"uid": 520
	},
	{
		"id": 12024145,
		"balance": 2018,
		"nickname": "Костя",
		"rights": 0,
		"uid": 521
	},
	{
		"id": 385113473,
		"balance": 2018,
		"nickname": "Тёма",
		"rights": 0,
		"uid": 522
	},
	{
		"id": 308756461,
		"balance": 2018,
		"nickname": "Александр",
		"rights": 0,
		"uid": 523
	},
	{
		"id": 398840323,
		"balance": 2018,
		"nickname": "Аполлон",
		"rights": 0,
		"uid": 524
	},
	{
		"id": 238946349,
		"balance": 0,
		"nickname": "Максим",
		"rights": 0,
		"uid": 525
	},
	{
		"id": 337281414,
		"balance": 2018,
		"nickname": "Данил",
		"rights": 0,
		"uid": 526
	},
	{
		"id": 467811429,
		"balance": 2018,
		"nickname": "Андрей",
		"rights": 0,
		"uid": 527
	},
	{
		"id": 221138225,
		"balance": 2018,
		"nickname": "Дима",
		"rights": 0,
		"uid": 528
	},
	{
		"id": 450942532,
		"balance": 2018,
		"nickname": "Александр",
		"rights": 0,
		"uid": 529
	},
	{
		"id": 402928475,
		"balance": 2018,
		"nickname": "Саввелии",
		"rights": 0,
		"uid": 530
	},
	{
		"id": 430960830,
		"balance": 2018,
		"nickname": "Константин",
		"rights": 0,
		"uid": 531
	},
	{
		"id": 239531453,
		"balance": 2018,
		"nickname": "Александр",
		"rights": 0,
		"uid": 532
	},
	{
		"id": 427730274,
		"balance": 2018,
		"nickname": "Али",
		"rights": 0,
		"uid": 533
	},
	{
		"id": 429244671,
		"balance": 2018,
		"nickname": "Илья",
		"rights": 0,
		"uid": 534
	},
	{
		"id": 261047302,
		"balance": 2018,
		"nickname": "Иван",
		"rights": 0,
		"uid": 535
	},
	{
		"id": 421179888,
		"balance": 2018,
		"nickname": "Мирон",
		"rights": 0,
		"uid": 536
	},
	{
		"id": 465643530,
		"balance": 2018,
		"nickname": "Никита",
		"rights": 0,
		"uid": 537
	},
	{
		"id": 417204507,
		"balance": 2018,
		"nickname": "Nursultan",
		"rights": 0,
		"uid": 538
	},
	{
		"id": 448603709,
		"balance": 2018,
		"nickname": "Илья",
		"rights": 0,
		"uid": 539
	},
	{
		"id": 295861675,
		"balance": 2018,
		"nickname": "Алексей",
		"rights": 0,
		"uid": 540
	},
	{
		"id": 282616795,
		"balance": 2018,
		"nickname": "Карим",
		"rights": 0,
		"uid": 541
	},
	{
		"id": 278802998,
		"balance": 2018,
		"nickname": "Амир",
		"rights": 0,
		"uid": 542
	},
	{
		"id": 406637030,
		"balance": 2018,
		"nickname": "Nick",
		"rights": 0,
		"uid": 543
	},
	{
		"id": 346611488,
		"balance": 2018,
		"nickname": "Богмакс",
		"rights": 0,
		"uid": 544
	},
	{
		"id": 73388436,
		"balance": 2018,
		"nickname": "Виктория",
		"rights": 0,
		"uid": 545
	},
	{
		"id": 470904214,
		"balance": 2018,
		"nickname": "Катя",
		"rights": 0,
		"uid": 546
	},
	{
		"id": 311878726,
		"balance": 2018,
		"nickname": "Никита",
		"rights": 0,
		"uid": 547
	},
	{
		"id": 349079387,
		"balance": 2018,
		"nickname": "Дарья",
		"rights": 0,
		"uid": 548
	},
	{
		"id": 469603950,
		"balance": 2018,
		"nickname": "Андрей",
		"rights": 0,
		"uid": 549
	},
	{
		"id": 425412413,
		"balance": 2018,
		"nickname": "Александр",
		"rights": 0,
		"uid": 550
	},
	{
		"id": 299021008,
		"balance": 2018,
		"nickname": "Артём",
		"rights": 0,
		"uid": 551
	},
	{
		"id": 236388791,
		"balance": 2018,
		"nickname": "Динислам",
		"rights": 0,
		"uid": 552
	},
	{
		"id": 272663973,
		"balance": 2018,
		"nickname": "Алина",
		"rights": 0,
		"uid": 553
	},
	{
		"id": 321214464,
		"balance": 2018,
		"nickname": "Денис",
		"rights": 0,
		"uid": 554
	},
	{
		"id": 139578850,
		"balance": 0,
		"nickname": "Валерий",
		"rights": 0,
		"uid": 555
	},
	{
		"id": 221145120,
		"balance": 2018,
		"nickname": "Дмитрий",
		"rights": 0,
		"uid": 556
	},
	{
		"id": 341994613,
		"balance": 2018,
		"nickname": "Антанас",
		"rights": 0,
		"uid": 557
	},
	{
		"id": 469464407,
		"balance": 2018,
		"nickname": "Саня",
		"rights": 0,
		"uid": 558
	},
	{
		"id": 420641437,
		"balance": 2018,
		"nickname": "Даниил",
		"rights": 0,
		"uid": 559
	},
	{
		"id": 351208678,
		"balance": 2018,
		"nickname": "Саша",
		"rights": 0,
		"uid": 560
	},
	{
		"id": 308831774,
		"balance": 2018,
		"nickname": "Aliby",
		"rights": 0,
		"uid": 561
	},
	{
		"id": 303443494,
		"balance": 0,
		"nickname": "Матвей",
		"rights": 0,
		"uid": 562
	},
	{
		"id": 338344571,
		"balance": 8018,
		"nickname": "Влад",
		"rights": 0,
		"uid": 563
	},
	{
		"id": 345302243,
		"balance": 2018,
		"nickname": "Август",
		"rights": 0,
		"uid": 564
	},
	{
		"id": 236502171,
		"balance": 6054,
		"nickname": "Вадим",
		"rights": 0,
		"uid": 565
	},
	{
		"id": 441915864,
		"balance": 1984,
		"nickname": "Анастасия",
		"rights": 0,
		"uid": 566
	},
	{
		"id": 391755363,
		"balance": 2018,
		"nickname": "Влад",
		"rights": 0,
		"uid": 567
	},
	{
		"id": 218120543,
		"balance": 2018,
		"nickname": "Артём",
		"rights": 0,
		"uid": 568
	},
	{
		"id": 198887878,
		"balance": 2018,
		"nickname": "Артём",
		"rights": 0,
		"uid": 569
	},
	{
		"id": 408704780,
		"balance": 2018,
		"nickname": "Артём",
		"rights": 0,
		"uid": 570
	},
	{
		"id": 29453800,
		"balance": 2018,
		"nickname": "Павел",
		"rights": 0,
		"uid": 571
	},
	{
		"id": 53577336,
		"balance": 2018,
		"nickname": "Виталий",
		"rights": 0,
		"uid": 572
	},
	{
		"id": 363207035,
		"balance": 2018,
		"nickname": "Адам",
		"rights": 0,
		"uid": 573
	},
	{
		"id": 40680706,
		"balance": 2018,
		"nickname": "Иван",
		"rights": 0,
		"uid": 574
	},
	{
		"id": 92810627,
		"balance": 2018,
		"nickname": "Илья",
		"rights": 0,
		"uid": 575
	},
	{
		"id": 58089943,
		"balance": 2018,
		"nickname": "Даниил",
		"rights": 0,
		"uid": 576
	},
	{
		"id": 396697200,
		"balance": 2018,
		"nickname": "Akira",
		"rights": 0,
		"uid": 577
	},
	{
		"id": 150945165,
		"balance": 2018,
		"nickname": "Александр",
		"rights": 0,
		"uid": 578
	},
	{
		"id": 466628564,
		"balance": 2018,
		"nickname": "Vladislav",
		"rights": 0,
		"uid": 579
	},
	{
		"id": 180491146,
		"balance": 2018,
		"nickname": "Ильсур",
		"rights": 0,
		"uid": 580
	},
	{
		"id": 3128889,
		"balance": 2018,
		"nickname": "Антон",
		"rights": 0,
		"uid": 581
	},
	{
		"id": 66343194,
		"balance": 2018,
		"nickname": "Булат",
		"rights": 0,
		"uid": 582
	},
	{
		"id": 3824555,
		"balance": 2018,
		"nickname": "Денис",
		"rights": 0,
		"uid": 583
	},
	{
		"id": 195324487,
		"balance": 2018,
		"nickname": "Александр",
		"rights": 0,
		"uid": 584
	},
	{
		"id": 265018575,
		"balance": 2018,
		"nickname": "Иван",
		"rights": 0,
		"uid": 585
	},
	{
		"id": 471803863,
		"balance": 2018,
		"nickname": "Саша",
		"rights": 0,
		"uid": 586
	},
	{
		"id": 375363417,
		"balance": 2018,
		"nickname": "Кіт",
		"rights": 0,
		"uid": 587
	},
	{
		"id": 165927062,
		"balance": 2018,
		"nickname": "Олександр",
		"rights": 0,
		"uid": 588
	},
	{
		"id": 184151694,
		"balance": 2018,
		"nickname": "Богдан",
		"rights": 0,
		"uid": 589
	},
	{
		"id": 28966673,
		"balance": 2018,
		"nickname": "Евгений",
		"rights": 0,
		"uid": 590
	},
	{
		"id": 87293297,
		"balance": 2018,
		"nickname": "Евгений",
		"rights": 0,
		"uid": 591
	},
	{
		"id": 26794243,
		"balance": 2018,
		"nickname": "Alexander",
		"rights": 0,
		"uid": 592
	},
	{
		"id": 207121723,
		"balance": 2018,
		"nickname": "Владислав",
		"rights": 0,
		"uid": 593
	},
	{
		"id": 197431936,
		"balance": 2018,
		"nickname": "Михаил",
		"rights": 0,
		"uid": 594
	},
	{
		"id": 232905761,
		"balance": 2018,
		"nickname": "Danil",
		"rights": 0,
		"uid": 595
	},
	{
		"id": 145283537,
		"balance": 2018,
		"nickname": "Евгений",
		"rights": 0,
		"uid": 596
	},
	{
		"id": 63926170,
		"balance": 2018,
		"nickname": "Сергей",
		"rights": 0,
		"uid": 597
	},
	{
		"id": 334968844,
		"balance": 2018,
		"nickname": "Илья",
		"rights": 0,
		"uid": 598
	},
	{
		"id": 445302934,
		"balance": 2018,
		"nickname": "Vishal",
		"rights": 0,
		"uid": 599
	},
	{
		"id": 107309519,
		"balance": 2018,
		"nickname": "Михаил",
		"rights": 0,
		"uid": 600
	},
	{
		"id": 3011116,
		"balance": 2018,
		"nickname": "Alexander",
		"rights": 0,
		"uid": 601
	},
	{
		"id": 1271434,
		"balance": 2018,
		"nickname": "Andiy",
		"rights": 0,
		"uid": 602
	},
	{
		"id": 11425881,
		"balance": 2018,
		"nickname": "Виталий",
		"rights": 0,
		"uid": 603
	},
	{
		"id": 3482139,
		"balance": 2018,
		"nickname": "Alexander",
		"rights": 0,
		"uid": 604
	},
	{
		"id": 185301431,
		"balance": 2018,
		"nickname": "Степан",
		"rights": 0,
		"uid": 605
	},
	{
		"id": 198958710,
		"balance": 2018,
		"nickname": "Александр",
		"rights": 0,
		"uid": 606
	},
	{
		"id": 95935884,
		"balance": 2018,
		"nickname": "Даниэль",
		"rights": 0,
		"uid": 607
	},
	{
		"id": 247597595,
		"balance": 2018,
		"nickname": "Gamlet",
		"rights": 0,
		"uid": 608
	},
	{
		"id": 471914801,
		"balance": 2018,
		"nickname": "Mr",
		"rights": 0,
		"uid": 609
	},
	{
		"id": 246939585,
		"balance": 2018,
		"nickname": "Vitalie",
		"rights": 0,
		"uid": 610
	},
	{
		"id": 215297054,
		"balance": 2018,
		"nickname": "Даниил",
		"rights": 0,
		"uid": 611
	},
	{
		"id": 60193568,
		"balance": 2018,
		"nickname": "Антон",
		"rights": 0,
		"uid": 612
	},
	{
		"id": 166422174,
		"balance": 2018,
		"nickname": "Илья",
		"rights": 0,
		"uid": 613
	},
	{
		"id": 248929638,
		"balance": 2018,
		"nickname": "Максим",
		"rights": 0,
		"uid": 614
	},
	{
		"id": 343605027,
		"balance": 2018,
		"nickname": "Максим",
		"rights": 0,
		"uid": 615
	},
	{
		"id": 424288878,
		"balance": 2018,
		"nickname": "Илья",
		"rights": 0,
		"uid": 616
	},
	{
		"id": 139267720,
		"balance": 2018,
		"nickname": "Жека",
		"rights": 0,
		"uid": 617
	},
	{
		"id": 284565979,
		"balance": 2018,
		"nickname": "Даниил",
		"rights": 0,
		"uid": 618
	},
	{
		"id": 378903095,
		"balance": 2018,
		"nickname": "Артём",
		"rights": 0,
		"uid": 619
	}
]