[
	{
		"id": 406749868,
		"status": false,
		"reason": "",
		"before": "",
		"author": "",
		"system": false,
		"time": "",
		"uid": 0
	},
	{
		"id": null,
		"status": false,
		"reason": "",
		"before": "",
		"author": "",
		"system": false,
		"time": "",
		"uid": 1
	},
	{
		"id": 284682278,
		"status": false,
		"reason": "",
		"before": "",
		"author": "",
		"system": false,
		"time": "",
		"uid": 2
	},
	{
		"id": 175844051,
		"status": false,
		"reason": "",
		"before": "",
		"author": "",
		"system": false,
		"time": "",
		"uid": 3
	},
	{
		"id": 373635357,
		"status": false,
		"reason": "",
		"before": "",
		"author": "",
		"system": false,
		"time": "",
		"uid": 4
	},
	{
		"id": 435609266,
		"status": false,
		"reason": "",
		"before": "",
		"author": "",
		"system": false,
		"time": "",
		"uid": 5
	},
	{
		"id": 210125691,
		"status": true,
		"reason": "пидор сотку не вернул сука даже игорька не подарил пизда",
		"before": 31570232,
		"author": 406749868,
		"system": false,
		"time": "14.011.2018 14:41:57",
		"uid": 6
	},
	{
		"id": 326215070,
		"status": false,
		"reason": "",
		"before": "",
		"author": "",
		"system": false,
		"time": "",
		"uid": 7
	},
	{
		"id": 183533453,
		"status": false,
		"reason": "",
		"before": "",
		"author": "",
		"system": false,
		"time": "",
		"uid": 8
	}
]