[{
    "question": "На какой естественный предмет больше всего похожа по своему строению Земля??",
    "word": "Яйцо",
    "help": "Я_ _о",
    "co": "4 буквы",
    "price": 50
},
{
    "question": "Как называется веревка с петлей на конце?",
    "word": "Лассо",
    "help": "Л_ _ _о",
    "co": "5 букв",
    "price": 100
},
{
    "question": "Ягода ярко-малинового цвета?",
    "word": "Малина",
    "help": "М_ _ _ _а",
    "co": "6 букв",
    "price": 50
},
{
    "question": "Слой, образующий на поверхности железа в результате коррозии?",
    "word": "Ржавчина",
    "help": "Р_ _ _ _ _ _а",
    "co": "8 букв",
    "price": 150
},
{
    "question": "В старину у запорожцев длинный клок волос, оставленный на бритом темени?",
    "word": "Оселедец",
    "help": "О_ _ _ _ _ _ц",
    "co": "8 букв",
    "price": 150
},
{
    "question": "Народное собрание в древней и средневековой Руси?",
    "word": "Вече",
    "help": "В_ _е",
    "co": "4 буквы",
    "price": 50
},
{
    "question": "Доска для арифметических вычислений в Древней Греции?",
    "word": "Абак",
    "help": "А_ _к",
    "co": "4 буквы",
    "price": 50
},
{
    "question": "Как в старину на Руси называлась бухта или морской залив?",
    "word": "Лукоморье",
    "help": "Л_ _ _ _ _ _ _е",
    "co": "9 букв",
    "price": 150
},
{
    "question": "В каком городе был открыт первый кинотеатр?",
    "word": "Париж",
    "help": "П_ _ _ж",
    "co": "5 букв",
    "price": 100
},
{
    "question": "Какой предмет потерял ежик в тумане в одноименном мультфильме?",
    "word": "Узелок",
    "help": "У_ _ _ _к",
    "co": "6 букв",
    "price": 50
},
{
    "question": "Какой газ является самым легким?",
    "word": "Водород",
    "help": "В_ _ _ _ _д",
    "co": "7 букв",
    "price": 50
},
{
    "question": "Сколько глаз у пчелы?",
    "word": "5",
    "help": "10:2",
    "co": "Цифра",
    "price": 50
},
{
    "question": "Из чего состоит горб у верблюда?",
    "word": "Жир",
    "help": "Ж_р",
    "co": "3 буквы",
    "price": 50
},
{
    "question": "В какой стране уже более 600 лет никак не может упасть Пизанская башня?",
    "word": "Италия",
    "help": "И_ _ _ _я",
    "co": "6 букв",
    "price": 50
},
{
    "question": "Как называется горячее вино, прокипяченное с орехами и пряностями?",
    "word": "Глинтвейн",
    "help": "Г_ _ _ _ _ _ _н",
    "co": "9 букв",
    "price": 200
},
{
    "question": "Как называется ребро чеканной монеты?",
    "word": "Гурт",
    "help": "Г_ _т",
    "co": "4 буквы",
    "price": 50
},
{
    "question": "Древнегреческий ученый, считавший музыку главным <<очистителем фактором>> души?",
    "word": "Аристотель",
    "help": "А_ _ _ _ _ _ _ _ь",
    "co": "10 букв",
    "price": 150
},
{
    "question": "Как называется совокупность настоящих и бутафорских предметов для театральных постановок?",
    "word": "Реквизит",
    "help": "Р_ _ _ _ _ _т",
    "co": "8 букв",
    "price": 100
},
{
    "question": "Как называется специальное помещение, откуда ведется телевизионная передача?",
    "word": "Студия",
    "help": "С_ _ _ _я",
    "co": "6 букв",
    "price": 50
},
{
    "question": "Как называется гравюра на дереве?",
    "word": "Ксилография",
    "help": "К_ _ _ _ _ _ _ _ _я",
    "co": "11 букв",
    "price": 500
},
{
    "question": "Сколько на Земле материков начинаются на букву «А»?",
    "word": "5",
    "help": "200:40",
    "co": "Цифра",
    "price": 50
},
{
    "question": "Сколько листьев у ландыша?",
    "word": "2",
    "help": "222/111",
    "co": "Цифра",
    "price": 50
},
{
    "question": "Птица – символ мудрости?",
    "word": "Сова",
    "help": "С_ _а",
    "co": "Слово",
    "price": 50
},
{
    "question": "Подставка для микроскопа, фотоаппарата?",
    "word": "Штатив",
    "help": "Ш_ _ _ _в",
    "co": "Слово",
    "price": 50
},
{
    "question": "Место, откуда Тезею помогла выбраться нить Ариадны?",
    "word": "Лабиринт",
    "help": "Л_ _ _ _ _ _т",
    "co": "Слово",
    "price": 200
},
{
    "question": "Охотник вопреки закону?",
    "word": "Браконьер",
    "help": "Б_ _ _ _ _ _ _р",
    "co": "Слово",
    "price": 300
},
{
    "question": "Ледяная корка на снегу?",
    "word": "Наст",
    "help": "Н_ _ т",
    "co": "Слово",
    "price": 100
},
{
    "question": "Насекомое – символ трудолюбия?",
    "word": "Муравей",
    "help": "М_ _ _ _ _й",
    "co": "Слово",
    "price": 100
},
{
    "question": "В каком году появилось первое в мире водительское удостоверение?",
    "word": "1893",
    "help": "3786/2",
    "co": "Цифра",
    "price": 200
},
{
    "question": "Блюдо, олицетворяющее у древних славян солнце ?",
    "word": "Блины",
    "help": "Б_ _ _ы",
    "co": "Слово",
    "price": 100
},
{
    "question": "Напиток олимпийских богов, дающий им бессмертие?",
    "word": "Нектар",
    "help": "Н_ _ _ _р",
    "co": "Слово",
    "price": 150
},
{
    "question": "Страна, где свыше половины жителей пользуются энергией гейзеров?",
    "word": "Исландия",
    "help": "И_ _ _ _ _ _я",
    "co": "Слово",
    "price": 250
},
{
    "question": "Ее часто называют «четвертой властью»?",
    "word": "Пресса",
    "help": "П_ _ _ _а",
    "co": "Слово",
    "price": 150
},
{
    "question": "Начало партии в шахматах и шашках?",
    "word": "Дебют",
    "help": "Д_ _ _т",
    "co": "Слово",
    "price": 100
},
{
    "question": "Форма устной речи , разговор двух или более людей?",
    "word": "Диалог",
    "help": "Д_ _ _ _г",
    "co": "Слово",
    "price": 100 
},
{
    "question": "Судовой колокол?",
    "word": "Рында",
    "help": "Р_ _ _а",
    "co": "Слово",
    "price": 150
},
{
    "question": "Сколько продолжался полет Ю, Гагарина(минут)?",
    "word": "108",
    "help": "54*2",
    "co": "Цифра",
    "price": 50
},
{
    "question": "Изобретение, наделавшее много шуму??",
    "word": "Радио",
    "help": "Р_ _ _о",
    "co": "Слово",
    "price": 100
},
{
    "question": "Что рыбе без надобности?",
    "word": "Зонтик",
    "help": "З_ _ _ _к",
    "co": "Слово",
    "price": 100
}]